{
  "performance_metrics": {
    "random_forest_advanced_r2": -0.08121959613330887,
    "random_forest_advanced_mae": 0.12566261032046652,
    "random_forest_advanced_rmse": 0.16014627683774113,
    "random_forest_advanced_predictions": [
      0.4480946494408367,
      0.48888480254930267,
      0.49029252444083704,
      0.4420815029160656,
      0.4331873382635885,
      0.5298889312169311,
      0.5515367218915347,
      0.47564245138888905,
      0.4771262222222222,
      0.5046690615079364,
      0.3671585366762868,
      0.4592381917989418,
      0.46295925384800396,
      0.508602332010582,
      0.4427904603174604,
      0.4988382457010584,
      0.5459873428631554,
      0.525178825998076,
      0.5338915337301589,
      0.5882420095899474
    ],
    "gradient_boosting_r2": -0.5335378684098393,
    "gradient_boosting_mae": 0.16368361750314064,
    "gradient_boosting_rmse": 0.19072478966530584,
    "gradient_boosting_predictions": [
      0.25319544978172803,
      0.33718130563250137,
      0.2567208310466614,
      0.20502900023143053,
      0.2835097310965558,
      0.34385379429789464,
      0.48160611753940097,
      0.48479643586727483,
      0.5432258230993184,
      0.47007156432002356,
      0.21388631204354808,
      0.48078237935823914,
      0.47968498409689025,
      0.5036007806949285,
      0.48605705513659214,
      0.5911151764272361,
      0.4793899738914886,
      0.3078060410947817,
      0.46849147522100487,
      0.3906479423291732
    ],
    "poly_ridge_r2": -8.88565806318917,
    "poly_ridge_mae": 0.37018762984282394,
    "poly_ridge_rmse": 0.4842422563413071,
    "poly_ridge_predictions": [
      0.24511903756672537,
      0.0033508035517803014,
      0.3948895972531096,
      0.09277233141498292,
      -0.4681420652744677,
      1.2736218991098152,
      0.9325373494910487,
      1.0924961447460972,
      1.135966525479631,
      0.16899167052254432,
      0.6887921538228443,
      0.9410900164401057,
      0.35318601851740644,
      0.7066147600513153,
      0.7354131239174542,
      0.716682219427666,
      0.5067163992507998,
      0.31226982465654746,
      0.5399841084053498,
      0.3326287053011335
    ],
    "best_r2": -0.08121959613330887,
    "best_model": "random_forest_advanced",
    "test_samples": 20
  },
  "feature_names": [
    "solar_mean",
    "solar_std",
    "solar_max",
    "solar_min",
    "solar_trend",
    "flares_mean",
    "geomag_mean",
    "wind_speed",
    "coronal_holes",
    "eng_mean",
    "eng_std",
    "sent_mean",
    "sent_std",
    "conflict_mean",
    "viral_content",
    "trending_count",
    "trending_sentiment",
    "res_mean",
    "res_std",
    "res_trend",
    "res_current",
    "hour",
    "minute",
    "weekday",
    "day_norm",
    "month_norm",
    "interaction_1",
    "interaction_2",
    "interaction_3"
  ],
  "training_date": "2025-10-16T20:34:16.280839"
}